Model,MAE (lakhs),RMSE (lakhs),R2 Score
Gradient Boosting,0.5479075999129812,0.9076613996525505,0.9642358015402838
Random Forest,0.6271681239632195,0.958724245968083,0.9600985953277
Lasso Regression,1.062020865555087,1.6354592852491103,0.8838871628652804
Linear Regression,1.0897089503473576,1.6537161894297154,0.8812803194651697
Ridge Regression,1.085158341158919,1.6560912985988923,0.8809390581394108
